preview4ep1v012mn871_png,244613d0-dad3-11eb-a27f-d8fb5ef959e3.png
1-dE_JvKm97MwXdkzz4ow54IAAAAAAAAOWwcp6ULpYnaG0brCsbS38ng7c1vWJ0_OaBgCNcBGAsYHQs6401_jpeg,52605916-dad8-11eb-bf3e-d8fb5ef959e3.jpeg
lh3v18acXNYc_0_rCky0t7F8wBSrt9IqTeiRWlyKDPnwZeKqse2i7yNRXm2wiuFeKIyrfjfKV-F8SSlbzRz-RnLRYTZlSGlVtV36YaKoHSNVXY5m8wOcaO382U7uEwqm1fQoW4nq-YZ,b96eb93c-dad8-11eb-adef-d8fb5ef959e3.jpeg
1-23GHRmGou-cXeIxNngoAJIAAAAAAAAOXM_nXs_eE2K-U23f2jjkjejtYYJiZDZvTnQCNcBGAsYHQs6408_jpeg,bfdd0d4d-dad8-11eb-b467-d8fb5ef959e3.jpeg
lh5vmUQdU-bVO3IUYFH7LWYugPCqrnJNM9sfeJ9mIRfW6p6cmRbMYDRLddhR80vDA_L05jcA72-ByIdMNGLLXEaAar8lM5cBqUZF7-4m5vC2kTOwU0bmmAPyl-y-GWbHFppflHbnJcZ,c60ed600-dad8-11eb-bae0-d8fb5ef959e3.jpeg
lh4YqSHT-b_imP_037HoqwZVPhqXoI7nUIGzeWEZ0oKGZuv_gBcfKu9sgEFGFXUiE18rzM7rpjDG9Bvk7lhhxuCMz3hLtZayVtNhBXLz_m8AUttkuloKu6gqcDogwi8P5ztVj4ecOOy,cc4bc510-dad8-11eb-b84c-d8fb5ef959e3.jpeg
1-N1IrhKdsxeYXhdCpdkwExIAAAAAAAAOhsTSt2tPpCTD0MLVqsVb-EQFZeRKLw7vENQCNcBGAsYHQs640k002-2_png,d300d2c2-dad8-11eb-bb76-d8fb5ef959e3.png
lh4oN5P8IQQMhyYogeSKN7EPVhbtHvPX1OK4augS82jqdUPEKImPTq_W50xaNeHJYYigLqeVm3h6gwCLLL_2iGpyatTggQmsUnaICzP50fLZkDww6xnJwt34DgENjtIpzpxqMuxRT8y,d93f5579-dad8-11eb-ac7f-d8fb5ef959e3.jpeg
lh5BDOsytfLZ0_hXfy9vuiDJrLPYsW_HvARRWQm4glA1ThCGa--O0yMYmcrqxB3BIi18lk8DAlZEUuH4taCdgSVVTbNLCEIKJH3RACkkkfIxLbdZA6p-Wu1VeOQJyVPybus7hXDhu5y,df785cde-dad8-11eb-8e81-d8fb5ef959e3.jpeg
1-uRP1YjcP0TkXfTyHr82-TIAAAAAAAAOcgnJx_Lcv44VgrcSyiD2Tiq4gMI5IHAu0hwCNcBGAsYHQs6402_jpeg,e6175954-dad8-11eb-934e-d8fb5ef959e3.jpeg
lh6PF6m8MG4k6wyP7_R51RXvsjXTYAdHoeFcEQb5sS-I1tm9lBCJ59N2gXXw74KUyTlNol4qdzKc2N4bHue-c9vyycy8ZSaUCKbQHcDE1J-SE-JdBafBWzJ2krxHyi6pOg6t1h2eJlE,ec529bd4-dad8-11eb-a2d8-d8fb5ef959e3.jpeg
1-mrkaHjJScQIXf26MZysLlIAAAAAAAAOe8OWyj4i0aWWEeAWR43MmkECYx4sFdRgDCACNcBGAsYHQs4006_jpeg,f2d0ba5f-dad8-11eb-a49a-d8fb5ef959e3.jpeg
lh45veLL4kQ2BxZMZxmufR_hgYOvC1mAb8ftbvxoI4oesNLRIvM9_GWzeiu3PnoNT9PuiCQss_FuK1ExBQZx7WtF0xWs3RdYUSzoFG7NsMrk29-mN0NGEf18mWv6Qtgt4z2cE1RBlYf,f8eba744-dad8-11eb-994c-d8fb5ef959e3.jpeg
lh3DWjuw7GxUFnPHSgNF-D3C0BW_WHLCUF4AwomHSAJo3lh1mHbzAPl9IbzgRYrgwFS4fsRU85uQUb9VHIMK1XOnKha19Tc8QYQrP18-B6L_ZDQ4WdxBRs_QBoHPhkJcr5TEC8Fzlq4,ff297f7a-dad8-11eb-b604-d8fb5ef959e3.jpeg
1-l_c4LKQ2K4UXhBKnphvxQIAAAAAAAAOf8NcW_6zyxqyQqsnvhjVYHbo3yUGEyeDNxACNcBGAsYHQs6401_png,05ec2941-dad9-11eb-b3e0-d8fb5ef959e3.png
lh5egQ7rcWy6_CJC6ELJSVgiSwJUtU-TQYbuE9Tn_7QqUjEmIq3PZr1EqajHfXlVoxiZrajHB8eB5JKNxe3UVUHzHS8ufOf0UFrrGwdLbDHq1QWo0bgG8vsqXosBb7zkHOn6ylc9UzT,0c0fac54-dad9-11eb-8e43-d8fb5ef959e3.png
1-2ZLJQLj9EuQXhkpJgdIi8IAAAAAAAAOh8XnO4oYL7kAwSsiaFSPuODhp69o4RQEEYACNcBGAsYHQs400k006_jpg,12bc1bf4-dad9-11eb-a9c2-d8fb5ef959e3.jpeg
lh4_uk4Zz_M86XzxWwRLbY9JQok2BTjsjbBTPCATZ6PWlxEJcAackHv9JonGspToGAm3KWZoiz357N4hUePUwkN3bmy_4pfwZbHQ9iXuNod41J98h_iP9bg9sF4G3n8LQ_ZmP88YaUt,1917ca87-dad9-11eb-b729-d8fb5ef959e3.png
lh3NjC9pdxGfcw0xpSifDWiG4VLHjWNpj4dnK1Fa8HWthynx0-jBg39IWO5Sm24F7rwWuyh13qGV9SZ2WiKdHRcejq3SFcOsewNxN9xfrXRyUFn88vG9s26-26XsKojhUiken0m0PqX,1f7805f6-dad9-11eb-8471-d8fb5ef959e3.png
1-vFjNufsj9RwXiL28NP-uiIAAAAAAAAOj8humxS35jDRMJMRtkKfrkul9HZzkz74ZswCNcBGAsYHQs640p002_jpg,25edb505-dad9-11eb-b6b3-d8fb5ef959e3.jpeg
lh6b8epcsk6Wk0hcnsc84C4G66wpPHQztnsoNV_yUI6CEIQGa7qGHTPFXNB9_AfunNqCe0fR-tyCdABIYwKu52iWW-Y26yhJp1TXnuecLbqQkqIA11UKUkITby8Sb6IinaJFsWHEs7E,2c388f50-dad9-11eb-a71d-d8fb5ef959e3.png
1-23lw8crcMUAXixruQTqFFIAAAAAAAAOk0IaUOfhEkTlsJ4sli6YnSw1BpQhMhtEoiACNcBGAsYHQs640%25E5%25B0%2581%25E9%259D%25A2_png,32e23f4d-dad9-11eb-ac99-d8fb5ef959e3.png
lh4bNdKT5oUXDT4YdkMloqfS-nHBQ5ofG_f9VRlcwqDAxXBD7Fl6eGA_wbzwAcdoUCPvUMSufN-DqWw16n0gKp5rItqksERbCCIJdJfUwZYtWkiiZkno3XDG3A4udj3GoqSZJxgxCZv,3941b987-dad9-11eb-97f3-d8fb5ef959e3.png
1-1eVfRr-92YcXjV61DfBraIAAAAAAAAOmAbyR8Q4GTYGETG76sGhr4uBExTqMFxORmQCNcBGAsYHQs640k008-2_png,3ffab180-dad9-11eb-b17b-d8fb5ef959e3.png
lh34OXThpP70rsk8vEjvOODHYLk0C92N2R7FPbKn2Yyn9ppZwJllrXa-f9OtR30XkwiehtPWfLZv8TnJwgwpCBcXVdW7ud7J8qhBPl0aBHV7_nSa9kKZHxo0GaoeQXq9YTztaU0NSKw,4660cad1-dad9-11eb-bdf4-d8fb5ef959e3.png
lh4AkTOmLe2uQhegkC84Co5Oiu6PzYkVIi17UMuDNqlEcZTQxre-rnal5mfmhd-wpgmsqru46A0mmMP0Ooe1Hjz3mxFg2FzcP09byT1NTKXwBYlQ5rcrf1MCx860c9zWAjG65TD8b25,4cbb80c2-dad9-11eb-8bef-d8fb5ef959e3.png
1-dE_JvKm97MwXdkzz4ow54IAAAAAAAAOWwcp6ULpYnaG0brCsbS38ng7c1vWJ0_OaBgCNcBGAsYHQs6401_jpeg,52605916-dad8-11eb-bf3e-d8fb5ef959e3.jpeg
lh3v18acXNYc_0_rCky0t7F8wBSrt9IqTeiRWlyKDPnwZeKqse2i7yNRXm2wiuFeKIyrfjfKV-F8SSlbzRz-RnLRYTZlSGlVtV36YaKoHSNVXY5m8wOcaO382U7uEwqm1fQoW4nq-YZ,b96eb93c-dad8-11eb-adef-d8fb5ef959e3.jpeg
1-23GHRmGou-cXeIxNngoAJIAAAAAAAAOXM_nXs_eE2K-U23f2jjkjejtYYJiZDZvTnQCNcBGAsYHQs6408_jpeg,bfdd0d4d-dad8-11eb-b467-d8fb5ef959e3.jpeg
1-GLnsG8uNDioXgbA9sg-rzIAAAAAAAAOfQ09NcNCr8scwcihzUwWI6KHJXBUGJ_a4TQCNcBGAsYHQs4005_jpeg,2e31d379-dae8-11eb-99ed-d8fb5ef959e3.jpeg
lh5N586IjhjdZ22-t8wVwSd2gJmJbLIJ6rr4zVgAgI_XwDjLENqQfi_49gGJwMdM9EIApj5NovVDJODK5BPwwcQ7tKLvAdUIJQXAh30YPbXgJWIdGMTGXgC182GaE_sjUey2pRrmr0C,346d2666-dae8-11eb-825e-d8fb5ef959e3.jpeg
1-jy5agb6F5tMXj4p9wYIYZIAAAAAAAAOms_2hzEzf7z1MHEColwwlXyz0ZBrpUWii4gCNcBGAsYHQs400k002-003_jpg,4312dc28-dae8-11eb-be7e-d8fb5ef959e3.jpeg
lh4JehlWxNQojwqy1HpkZ-y1h4aaRqKOJEYWMYTuqHOKLOVy0yiFjwQCnaWKTPYKYRdcNIMIMvnxtVbpLxJPtovbNCd0l6kOXZrnHmsdUJ6e-bmbGL_bU_tIfaXABr8X1HtggpFsLs1,495e160b-dae8-11eb-b2e2-d8fb5ef959e3.png
lh3EO6DGYg_HmNHjslMgrdotvTxPYwtPvxK4ly1u3TaSjT2vQ-f79st_HKHsFRNQM6yo9P7ObofeeeJ1madb18fi_y4ScKXfrZGRWus-YAdwtmDITsv0P3QTVIN4a3z5KHjbhmXPu63,4fbc4589-dae8-11eb-a146-d8fb5ef959e3.png
1-uCzgIK9CBogXkfauRsp7XIAAAAAAAAOncHQYqrRbjTeEpVDPrS79IXbxXc-rNCLTywCNcBGAsYHQs400k004-005_jpg,5c740a26-dae8-11eb-9765-d8fb5ef959e3.jpeg
lh3BJXCQeMqrNsrQIMVzcH2_Ildy_q8l7Ox2ccKw07ipCsqctQtcnB7DkFrqcZ3rfOseXXg8o78X2uYNvQJCM4YHvHR7R1REx_3Cp6-X0acnKKmP8R_8eyTXms_tfzk_Jze88bUY0vn,62bbf7c9-dae8-11eb-bfa2-d8fb5ef959e3.png
1-3pOaFbPFLxoXkfcUM7TqMIAAAAAAAAOnotYZFII2j3BU3lVu-qWe0_sdgVTLR-BLGwCNcBGAsYHQs640P023_jpg,6f1f8073-dae8-11eb-a94f-d8fb5ef959e3.jpeg
1-9mSs44b9He0XlCoW2hDCjIAAAAAAAAOoQAJuCf3C0528UAdYF50JorOUkCbHJ17LdgCNcBGAsYHQs640cover_jpg,7bd5f5af-dae8-11eb-9703-d8fb5ef959e3.jpeg
lh3NtJBL9kDvad33pJCYbI32B0F9Ancm2HnDS-W-Zumr2NmqF0CuqblVEKZyCpQLpYuk8eu3RRyMIapESVA5WhFLTqWg7S-xHKYM4pVCZHW47De8Xm5PdQkln2Vyz1rpMp-QRzdic9u,82149a5b-dae8-11eb-b269-d8fb5ef959e3.jpeg
lh56QWjGnalaOonIQOc2XsiFOuaWmhxHxS-p_ux3bkrbEznCAqbZSQy5I_PAuJWUwL5sEFINPhvGammgoTfq8iDdhDRj67XBU_T3zat9rKImbp5r08WC713uhTk1OfNvhlc5InAo-S7,8858074a-dae8-11eb-a5ba-d8fb5ef959e3.jpeg
1-Yb902TAaM8kXlnoy4w-6JIAAAAAAAAOpcmdTYjJOp-IgdTb5moaEH0O9DQ2aHUC95QCNcBGAsYHQs640k008-_png,95619123-dae8-11eb-b91c-d8fb5ef959e3.png
lh4kmZfCll6RXhjt2uOeh_D6JnuEdpQCzI7cAPpjeaQCvmVbk1F9euQ1fQk097IXNXHo6SXVFfEi291xuq3LNdS5Nus_tqAlFwhRlpAH-QM3Qz1cE5cVZLNg9iT0R8qaBfaHQe8wNAM,9bb4d555-dae8-11eb-9425-d8fb5ef959e3.jpeg
1-6hKMOnEtFdIXmNdTOHUwbIAAAAAAAAOqIJ7YlkkztUm0BqhL8_dIoCdh0r0xXEL5pACNcBGAsYHQs640P115_jpg,a8a7d588-dae8-11eb-9460-d8fb5ef959e3.jpeg
lh4VMV0EfqIwgoiuPvTZs-3O69Xmy5kdjwGylgObYbsi-gCgSzrvLTvWHpkmKl_TMp-3Lxj-n1yNynBK9oFIKskzvpdJJaRSPIlf0B6I1nzM-25rSajTZ5S9Xi3DTcbVKg1I0TzRLdy,aedd038f-dae8-11eb-87e1-d8fb5ef959e3.jpeg
1-BC50gxuW9YkXmxqrTpAEjIAAAAAAAAOqsPidAqbqZ0qYn5K7tcHV4h--VIhXX96StACNcBGAsYHQs400k002-003_jpg,bd237e5a-dae8-11eb-844a-d8fb5ef959e3.jpeg
lh4M7nwN3WksYAc7Ic-fLH_W_H8wixzlp_7yqra3cUwwady5W01fBwVCchKCRX9ClH06rnH1vpDgiDIa3o8gkhf5y0qgdDKk3EW-bXdv1EyqqyqNxx9X06tTuIbWmPvqhFlSqARuVA9,c35bcac5-dae8-11eb-b9eb-d8fb5ef959e3.jpeg
lh47IvEHBVyCG983Gn9kZ7pHNYR3mycfsj3YoKuy9Vt5P0n_PIdSMftrsgYaOn06ezwDBndrsujVKdcAj4klJRfEqLqkSrR15eHKiRFPrKBBzshUuoDGfpYPuSpCFkNrGEhvBTAJEwm,c9a99b46-dae8-11eb-aaed-d8fb5ef959e3.jpeg
1-sqKKEB2r-BsXnXguPTYc5IAAAAAAAAOrkUDO6exUnmX0SzaT5nKgqloQIXawfihWRgCNcBGAsYHQs640k001_jpg,d6c6edd4-dae8-11eb-8fae-d8fb5ef959e3.jpeg
lh6oV9_TpilxXd3eQ93EYdNAb3uB-6S2sAuhFtQyGIznAQZSojEMS3OmeJef9-BsLFzYjgKsuSOVLnGQmginT9quqDbhJRG_irn-j6K6p5eJ_b1615u927Gf-Xl8bonJqvpvk6gcAlC,dd19e7b7-dae8-11eb-a090-d8fb5ef959e3.jpeg
1-LoHtuEtaxPcXn9lN3y8UBIAAAAAAAAOscNECPGTVsqBUQt39it8eIJZmKmEBwnHB9QCNcBGAsYHQs640P242_jpg,e9e3a16c-dae8-11eb-b100-d8fb5ef959e3.jpeg
lh6yuH51JQKQMZooOorrVYH7nQToEVLdZZPoCzVZITkiY5qU3nNY2TclGiswoE8SisGZjaymk2SUKxh2jD3X3c5v7VnwaHwYK_Hbff1X1_LHEt1ej8r0qn6L1RP_ZZ8hLcgRYdLyV2O,f01a2f2c-dae8-11eb-a5b1-d8fb5ef959e3.jpeg
1-J1z6PS2HOz0XoiN3gv0k-IAAAAAAAAOtAgVvu0N7DQWwRswn2cXDPG6oQv-RdhgcVwCNcBGAsYHQs400k004-005_jpg,fcf1c33a-dae8-11eb-a4fa-d8fb5ef959e3.jpeg
lh40hywEYKKjIeCgjiFyr-m8j38whZefiVWuTOTDtSeL-bemkRZg3SsNXMslIW5Do2dQ7G0sxiu_BGEyf3Ada1w5X-nAEacMd_TpmgaxW1NxaUe2uqU5sYNxB5Kzd8QUkQl1oC9TQzj,0308afc0-dae9-11eb-afa3-d8fb5ef959e3.jpeg
lh3NSWvu1hns9Ki8VPhqxZuqF2WZgaQVFnsNMuhCkWv2whH88U5BnzkBTa1Y4eLJ3XrX064LMLWfpjbaAwUvHv0Xnf4YVNBwG9gmYM9aKJs80qSowDhl3eCVsJO3CQw2Yl4p85p9OZu,092713e0-dae9-11eb-8d50-d8fb5ef959e3.jpeg
1-vOZps95N-WAX3f5EE8npEIAAAAAAAAPXAo3GdIlYiK00JRB3AHFmdm13K8QiBqTf7QCNcBGAsYHQw454-h640HDimage00030_jpeg,15a765f0-dae9-11eb-bd37-d8fb5ef959e3.jpeg
lh4ZRFUW3UqruOrJih5OSeDr-aEs98kzFstws5D2Ywp0XUolT6aXCCrQozbfjf-WIMDr_Bj3E2IkPUfDg1wNXUuwo-t3NxfBWMZCoVLYmCqL6Q4CPTIiQY7p4iAr-Vd-2Y-66to70Dg-w453-h640,225b8ae7-dae9-11eb-94fa-d8fb5ef959e3.jpeg
lh46LjMleRPdlcurCcJDNqVvZNudUSQkhyXzVoeAFOfQMoge-WT2XLM45fvwVBAy_GQV0AtRgU2il3NCTu5dCO143bzOT1Lvcz2MblLPobQQBR7u6KRgbvvQB6VgSMWAMVbwSanW45A,288ffb5b-dae9-11eb-833e-d8fb5ef959e3.jpeg
lh3AonV4BGydrqsBVdf9XrnaPfsmCHNRjNAh6JzGZdDTOUNUppe48UeSZ5IZAJSarXdoMsh8m1-frTzxqY_Gkp2-ZKwvtiNhezy_meaL_dTrXlGvkTmX5xjDqbgZmr_UBMjaBpwqISO-w454-h640,3524bcc0-dae9-11eb-9ee1-d8fb5ef959e3.jpeg
lh5YG4F2S_kGuAUGMpk4PaR-VmFGpB2c--qOLqr00HyMmjmjzZvP5NKyCMJ2jO90D7IBhFr_ZDXbrYaktlus1seVxqP2iGZ2cmloGGDaZ8WiLNW0gB3z-D9ya-hOpwJbT5gsCZ2LXfj,3b42859c-dae9-11eb-82cf-d8fb5ef959e3.jpeg
lh5Lv7ud6YMEwwJiASoS8ikUx7JBCFLWT7hahE9D53_jcfSyEObQiBBC16MUNwmdfFOjozHmaLcRqfOgjbzBocbU1m-7LVITnccb7JbaXJFpcCphSyFBP9mZXN7A1iLZ7mMoXJwJbDK-w400-h282,47ec18c7-dae9-11eb-b328-d8fb5ef959e3.jpeg
lh4fgfyVZmeXB_vbQd60C7qI9_DuiA-JwnlRNwqt3vFaXIkz5aN0EdK5cWQrO-7REOREbkE7FooKZnm77wvN_4r0O2fJ9SJ5MJyBD0oMtrfoMIA1pUpPq5wTjPrSVz9JcCX--seEQee,4e1fc8e7-dae9-11eb-a96b-d8fb5ef959e3.jpeg
lh4jzLYUEP--2KEdjZqSak95egfuQPwtP9GlGZGcrlum1sNkhejPxs2N5b1ahCcjUiRele_1NQqCr_nIuYaLwCK6LQEskrSvOx7NmRvodvATU9CgWr4JLb0gAMxhVEcnJ2QhXU1kBsa-w454-h640,5acdaa8e-dae9-11eb-b693-d8fb5ef959e3.jpeg
lh3xIPXKE050_fxrZRq-hTY3DI9zR4Fgf0IZxJpvFHOo-fvfqgWiAlXwhgIFSXtLRa1wMwflmI3sn0n3wUsCjn5i7jnKvZIguOmu8LDQisZltLB9rKjdDQmkcExEvWK95L3CrUv1S1k,60f89720-dae9-11eb-bf72-d8fb5ef959e3.jpeg
lh6zrPVCk4gTz7h3CflL_TNTRRn_oNdTkXSDsLBN0-QXd4z_XllgXFQX0ltp3gSi6SI2fITHZCzh1Y1GUyScjA9bLoIwHkmF3_0f8tXs-alsSXD-cIzyVol_TSFuc36HyOdugC5kNZs-w500-h640,6db4d703-dae9-11eb-8087-d8fb5ef959e3.jpeg
lh4DwoBQ6y5qNq7HeaOjRb0QP32zOFWUpbWMhPfX7WoRNRCR-hXLfW8r3TFNNAW3LubBChnlZbLU5ynuMr6M6jhVtti0144lAwCzvajvlClvf4TWWEogK41pNsKTmTq0EfkoMalOhTo-w454-h640,7a512e24-dae9-11eb-95cc-d8fb5ef959e3.jpeg
lh4rcJCv82m8dKho-O-rb_lKoY62J0XT7j58c-cwWhRT7k3kRkWBYFAaClQOH7seoePXZKWrHbnRTWqlqktAa_33if5i9L5onhilqY1piyFTdFa7ZQ0GzQwGmcTTBU8i4xTiNupPBat,8076d39b-dae9-11eb-ac9d-d8fb5ef959e3.jpeg
lh6SpnYPlx2WEu98IO69Bs9jHPZgaQ9H3YC-71tdF4cmquoKf1sPbPeN9z6fc7gaPiiwKMRzEK9gDx_mRB4B9dZzWqEZXSsSnlWSyN-VWTdc2J4Z_w_XqmPBQQTO9ZrlBEGp71xgzA4-w456-h640,8cfbd4e5-dae9-11eb-bcea-d8fb5ef959e3.jpeg
lh3qsDS6XItpwDIGN6uoV6oHiLd7ijaXI3Zi6pa3H4ULNah7I4-V3usjyjYvMuRJAYUZbuIDNakR5yPO3qCuqe44n8kTjyHoYGxo80lcpOTcf4_x6Ta4AhUVUX4qFZUYRVOtwK63j1B,930a7a21-dae9-11eb-a352-d8fb5ef959e3.jpeg
lh5O2VRgnoK0gmMfUw1Qn_wkTR0rk52A82u9piSJ8MxxdeprXPboM0v11ia8BwayLwBmWLyvh6CmDMWfwG6GD3EIFCmyKNfI9y-rGU-tPcfRj4qD8Rug3t7ADzMW56nFoqRFS2NR-Wx,992033d3-dae9-11eb-8af4-d8fb5ef959e3.jpeg
